-34,-36,1AmzaaM7BwbsVAzsXonv0D8sfK0=,lCyDg093KAzeeFEAJdNrLIDQqLE=
-34,-46,1AmzaaM7BwbsVAzsXonv0D8sfK0=,ASRBzFHIPF9ccDkQ5/Kot8zwEYM=
-33,-46,1AmzaaM7BwbsVAzsXonv0D8sfK0=,ASRBzFHIPF9ccDkQ5/Kot8zwEYM=
-38,-45,1AmzaaM7BwbsVAzsXonv0D8sfK0=,ASRBzFHIPF9ccDkQ5/Kot8zwEYM=
-39,-45,1AmzaaM7BwbsVAzsXonv0D8sfK0=,ASRBzFHIPF9ccDkQ5/Kot8zwEYM=
-37,-45,1AmzaaM7BwbsVAzsXonv0D8sfK0=,ASRBzFHIPF9ccDkQ5/Kot8zwEYM=
-35,-45,1AmzaaM7BwbsVAzsXonv0D8sfK0=,ASRBzFHIPF9ccDkQ5/Kot8zwEYM=
-36,-40,1AmzaaM7BwbsVAzsXonv0D8sfK0=,lCyDg093KAzeeFEAJdNrLIDQqLE=
-34,-45,1AmzaaM7BwbsVAzsXonv0D8sfK0=,ASRBzFHIPF9ccDkQ5/Kot8zwEYM=
-36,-45,1AmzaaM7BwbsVAzsXonv0D8sfK0=,ASRBzFHIPF9ccDkQ5/Kot8zwEYM=
-33,-45,1AmzaaM7BwbsVAzsXonv0D8sfK0=,ASRBzFHIPF9ccDkQ5/Kot8zwEYM=
-39,-44,1AmzaaM7BwbsVAzsXonv0D8sfK0=,ASRBzFHIPF9ccDkQ5/Kot8zwEYM=
-38,-44,1AmzaaM7BwbsVAzsXonv0D8sfK0=,ASRBzFHIPF9ccDkQ5/Kot8zwEYM=
-35,-44,1AmzaaM7BwbsVAzsXonv0D8sfK0=,ASRBzFHIPF9ccDkQ5/Kot8zwEYM=
-34,-44,1AmzaaM7BwbsVAzsXonv0D8sfK0=,ASRBzFHIPF9ccDkQ5/Kot8zwEYM=
-36,-44,1AmzaaM7BwbsVAzsXonv0D8sfK0=,ASRBzFHIPF9ccDkQ5/Kot8zwEYM=
-33,-44,1AmzaaM7BwbsVAzsXonv0D8sfK0=,ASRBzFHIPF9ccDkQ5/Kot8zwEYM=
-37,-44,1AmzaaM7BwbsVAzsXonv0D8sfK0=,ASRBzFHIPF9ccDkQ5/Kot8zwEYM=
-39,-40,1AmzaaM7BwbsVAzsXonv0D8sfK0=,lCyDg093KAzeeFEAJdNrLIDQqLE=
-35,-36,1AmzaaM7BwbsVAzsXonv0D8sfK0=,lCyDg093KAzeeFEAJdNrLIDQqLE=
-39,-37,1AmzaaM7BwbsVAzsXonv0D8sfK0=,lCyDg093KAzeeFEAJdNrLIDQqLE=
-39,-43,1AmzaaM7BwbsVAzsXonv0D8sfK0=,ASRBzFHIPF9ccDkQ5/Kot8zwEYM=
-36,-36,1AmzaaM7BwbsVAzsXonv0D8sfK0=,lCyDg093KAzeeFEAJdNrLIDQqLE=
-39,-39,1AmzaaM7BwbsVAzsXonv0D8sfK0=,lCyDg093KAzeeFEAJdNrLIDQqLE=
-37,-36,1AmzaaM7BwbsVAzsXonv0D8sfK0=,lCyDg093KAzeeFEAJdNrLIDQqLE=
-38,-43,1AmzaaM7BwbsVAzsXonv0D8sfK0=,ASRBzFHIPF9ccDkQ5/Kot8zwEYM=
-35,-40,1AmzaaM7BwbsVAzsXonv0D8sfK0=,lCyDg093KAzeeFEAJdNrLIDQqLE=
-37,-43,1AmzaaM7BwbsVAzsXonv0D8sfK0=,ASRBzFHIPF9ccDkQ5/Kot8zwEYM=
-33,-37,1AmzaaM7BwbsVAzsXonv0D8sfK0=,lCyDg093KAzeeFEAJdNrLIDQqLE=
-36,-43,1AmzaaM7BwbsVAzsXonv0D8sfK0=,ASRBzFHIPF9ccDkQ5/Kot8zwEYM=
-40,-39,1AmzaaM7BwbsVAzsXonv0D8sfK0=,lCyDg093KAzeeFEAJdNrLIDQqLE=
-38,-40,1AmzaaM7BwbsVAzsXonv0D8sfK0=,lCyDg093KAzeeFEAJdNrLIDQqLE=
-35,-43,1AmzaaM7BwbsVAzsXonv0D8sfK0=,ASRBzFHIPF9ccDkQ5/Kot8zwEYM=
-34,-43,1AmzaaM7BwbsVAzsXonv0D8sfK0=,ASRBzFHIPF9ccDkQ5/Kot8zwEYM=
-33,-43,1AmzaaM7BwbsVAzsXonv0D8sfK0=,ASRBzFHIPF9ccDkQ5/Kot8zwEYM=
-35,-37,1AmzaaM7BwbsVAzsXonv0D8sfK0=,lCyDg093KAzeeFEAJdNrLIDQqLE=
-36,-37,1AmzaaM7BwbsVAzsXonv0D8sfK0=,lCyDg093KAzeeFEAJdNrLIDQqLE=
-33,-33,1AmzaaM7BwbsVAzsXonv0D8sfK0=,lCyDg093KAzeeFEAJdNrLIDQqLE=
-34,-33,1AmzaaM7BwbsVAzsXonv0D8sfK0=,lCyDg093KAzeeFEAJdNrLIDQqLE=
-35,-33,1AmzaaM7BwbsVAzsXonv0D8sfK0=,lCyDg093KAzeeFEAJdNrLIDQqLE=
-34,-37,1AmzaaM7BwbsVAzsXonv0D8sfK0=,lCyDg093KAzeeFEAJdNrLIDQqLE=
-37,-33,1AmzaaM7BwbsVAzsXonv0D8sfK0=,lCyDg093KAzeeFEAJdNrLIDQqLE=
-36,-33,1AmzaaM7BwbsVAzsXonv0D8sfK0=,lCyDg093KAzeeFEAJdNrLIDQqLE=
-39,-33,1AmzaaM7BwbsVAzsXonv0D8sfK0=,lCyDg093KAzeeFEAJdNrLIDQqLE=
-38,-33,1AmzaaM7BwbsVAzsXonv0D8sfK0=,lCyDg093KAzeeFEAJdNrLIDQqLE=
-37,-37,1AmzaaM7BwbsVAzsXonv0D8sfK0=,lCyDg093KAzeeFEAJdNrLIDQqLE=
-39,-38,1AmzaaM7BwbsVAzsXonv0D8sfK0=,lCyDg093KAzeeFEAJdNrLIDQqLE=
-34,-40,1AmzaaM7BwbsVAzsXonv0D8sfK0=,lCyDg093KAzeeFEAJdNrLIDQqLE=
-40,-33,1AmzaaM7BwbsVAzsXonv0D8sfK0=,lCyDg093KAzeeFEAJdNrLIDQqLE=
-40,-38,1AmzaaM7BwbsVAzsXonv0D8sfK0=,lCyDg093KAzeeFEAJdNrLIDQqLE=
-33,-34,1AmzaaM7BwbsVAzsXonv0D8sfK0=,lCyDg093KAzeeFEAJdNrLIDQqLE=
-39,-42,1AmzaaM7BwbsVAzsXonv0D8sfK0=,ASRBzFHIPF9ccDkQ5/Kot8zwEYM=
-33,-39,1AmzaaM7BwbsVAzsXonv0D8sfK0=,lCyDg093KAzeeFEAJdNrLIDQqLE=
-35,-34,1AmzaaM7BwbsVAzsXonv0D8sfK0=,lCyDg093KAzeeFEAJdNrLIDQqLE=
-34,-34,1AmzaaM7BwbsVAzsXonv0D8sfK0=,lCyDg093KAzeeFEAJdNrLIDQqLE=
-37,-39,1AmzaaM7BwbsVAzsXonv0D8sfK0=,lCyDg093KAzeeFEAJdNrLIDQqLE=
-38,-42,1AmzaaM7BwbsVAzsXonv0D8sfK0=,ASRBzFHIPF9ccDkQ5/Kot8zwEYM=
-39,-48,1AmzaaM7BwbsVAzsXonv0D8sfK0=,ASRBzFHIPF9ccDkQ5/Kot8zwEYM=
-35,-39,1AmzaaM7BwbsVAzsXonv0D8sfK0=,lCyDg093KAzeeFEAJdNrLIDQqLE=
-36,-34,1AmzaaM7BwbsVAzsXonv0D8sfK0=,lCyDg093KAzeeFEAJdNrLIDQqLE=
-33,-41,1AmzaaM7BwbsVAzsXonv0D8sfK0=,ASRBzFHIPF9ccDkQ5/Kot8zwEYM=
-37,-34,1AmzaaM7BwbsVAzsXonv0D8sfK0=,lCyDg093KAzeeFEAJdNrLIDQqLE=
-38,-34,1AmzaaM7BwbsVAzsXonv0D8sfK0=,lCyDg093KAzeeFEAJdNrLIDQqLE=
-39,-34,1AmzaaM7BwbsVAzsXonv0D8sfK0=,lCyDg093KAzeeFEAJdNrLIDQqLE=
-40,-34,1AmzaaM7BwbsVAzsXonv0D8sfK0=,lCyDg093KAzeeFEAJdNrLIDQqLE=
-33,-35,1AmzaaM7BwbsVAzsXonv0D8sfK0=,lCyDg093KAzeeFEAJdNrLIDQqLE=
-40,-37,1AmzaaM7BwbsVAzsXonv0D8sfK0=,lCyDg093KAzeeFEAJdNrLIDQqLE=
-34,-39,1AmzaaM7BwbsVAzsXonv0D8sfK0=,lCyDg093KAzeeFEAJdNrLIDQqLE=
-36,-39,1AmzaaM7BwbsVAzsXonv0D8sfK0=,lCyDg093KAzeeFEAJdNrLIDQqLE=
-35,-38,1AmzaaM7BwbsVAzsXonv0D8sfK0=,lCyDg093KAzeeFEAJdNrLIDQqLE=
-35,-46,1AmzaaM7BwbsVAzsXonv0D8sfK0=,ASRBzFHIPF9ccDkQ5/Kot8zwEYM=
-34,-41,1AmzaaM7BwbsVAzsXonv0D8sfK0=,ASRBzFHIPF9ccDkQ5/Kot8zwEYM=
-34,-35,1AmzaaM7BwbsVAzsXonv0D8sfK0=,lCyDg093KAzeeFEAJdNrLIDQqLE=
-35,-35,1AmzaaM7BwbsVAzsXonv0D8sfK0=,lCyDg093KAzeeFEAJdNrLIDQqLE=
-37,-38,1AmzaaM7BwbsVAzsXonv0D8sfK0=,lCyDg093KAzeeFEAJdNrLIDQqLE=
-36,-38,1AmzaaM7BwbsVAzsXonv0D8sfK0=,lCyDg093KAzeeFEAJdNrLIDQqLE=
-38,-38,1AmzaaM7BwbsVAzsXonv0D8sfK0=,lCyDg093KAzeeFEAJdNrLIDQqLE=
-37,-42,1AmzaaM7BwbsVAzsXonv0D8sfK0=,ASRBzFHIPF9ccDkQ5/Kot8zwEYM=
-33,-40,1AmzaaM7BwbsVAzsXonv0D8sfK0=,lCyDg093KAzeeFEAJdNrLIDQqLE=
-36,-42,1AmzaaM7BwbsVAzsXonv0D8sfK0=,ASRBzFHIPF9ccDkQ5/Kot8zwEYM=
-34,-38,1AmzaaM7BwbsVAzsXonv0D8sfK0=,lCyDg093KAzeeFEAJdNrLIDQqLE=
-38,-48,1AmzaaM7BwbsVAzsXonv0D8sfK0=,ASRBzFHIPF9ccDkQ5/Kot8zwEYM=
-37,-48,1AmzaaM7BwbsVAzsXonv0D8sfK0=,ASRBzFHIPF9ccDkQ5/Kot8zwEYM=
-34,-42,1AmzaaM7BwbsVAzsXonv0D8sfK0=,ASRBzFHIPF9ccDkQ5/Kot8zwEYM=
-35,-42,1AmzaaM7BwbsVAzsXonv0D8sfK0=,ASRBzFHIPF9ccDkQ5/Kot8zwEYM=
-33,-42,1AmzaaM7BwbsVAzsXonv0D8sfK0=,ASRBzFHIPF9ccDkQ5/Kot8zwEYM=
-36,-48,1AmzaaM7BwbsVAzsXonv0D8sfK0=,ASRBzFHIPF9ccDkQ5/Kot8zwEYM=
-35,-48,1AmzaaM7BwbsVAzsXonv0D8sfK0=,ASRBzFHIPF9ccDkQ5/Kot8zwEYM=
-34,-48,1AmzaaM7BwbsVAzsXonv0D8sfK0=,ASRBzFHIPF9ccDkQ5/Kot8zwEYM=
-33,-48,1AmzaaM7BwbsVAzsXonv0D8sfK0=,ASRBzFHIPF9ccDkQ5/Kot8zwEYM=
-39,-47,1AmzaaM7BwbsVAzsXonv0D8sfK0=,ASRBzFHIPF9ccDkQ5/Kot8zwEYM=
-37,-35,1AmzaaM7BwbsVAzsXonv0D8sfK0=,lCyDg093KAzeeFEAJdNrLIDQqLE=
-36,-35,1AmzaaM7BwbsVAzsXonv0D8sfK0=,lCyDg093KAzeeFEAJdNrLIDQqLE=
-38,-39,1AmzaaM7BwbsVAzsXonv0D8sfK0=,lCyDg093KAzeeFEAJdNrLIDQqLE=
-38,-35,1AmzaaM7BwbsVAzsXonv0D8sfK0=,lCyDg093KAzeeFEAJdNrLIDQqLE=
-38,-37,1AmzaaM7BwbsVAzsXonv0D8sfK0=,lCyDg093KAzeeFEAJdNrLIDQqLE=
-39,-35,1AmzaaM7BwbsVAzsXonv0D8sfK0=,lCyDg093KAzeeFEAJdNrLIDQqLE=
-35,-41,1AmzaaM7BwbsVAzsXonv0D8sfK0=,ASRBzFHIPF9ccDkQ5/Kot8zwEYM=
-38,-36,1AmzaaM7BwbsVAzsXonv0D8sfK0=,lCyDg093KAzeeFEAJdNrLIDQqLE=
-40,-35,1AmzaaM7BwbsVAzsXonv0D8sfK0=,lCyDg093KAzeeFEAJdNrLIDQqLE=
-33,-38,1AmzaaM7BwbsVAzsXonv0D8sfK0=,lCyDg093KAzeeFEAJdNrLIDQqLE=
-36,-46,1AmzaaM7BwbsVAzsXonv0D8sfK0=,ASRBzFHIPF9ccDkQ5/Kot8zwEYM=
-39,-36,1AmzaaM7BwbsVAzsXonv0D8sfK0=,lCyDg093KAzeeFEAJdNrLIDQqLE=
-33,-36,1AmzaaM7BwbsVAzsXonv0D8sfK0=,lCyDg093KAzeeFEAJdNrLIDQqLE=
-37,-46,1AmzaaM7BwbsVAzsXonv0D8sfK0=,ASRBzFHIPF9ccDkQ5/Kot8zwEYM=
-38,-46,1AmzaaM7BwbsVAzsXonv0D8sfK0=,ASRBzFHIPF9ccDkQ5/Kot8zwEYM=
-37,-41,1AmzaaM7BwbsVAzsXonv0D8sfK0=,ASRBzFHIPF9ccDkQ5/Kot8zwEYM=
-38,-47,1AmzaaM7BwbsVAzsXonv0D8sfK0=,ASRBzFHIPF9ccDkQ5/Kot8zwEYM=
-40,-36,1AmzaaM7BwbsVAzsXonv0D8sfK0=,lCyDg093KAzeeFEAJdNrLIDQqLE=
-37,-47,1AmzaaM7BwbsVAzsXonv0D8sfK0=,ASRBzFHIPF9ccDkQ5/Kot8zwEYM=
-37,-40,1AmzaaM7BwbsVAzsXonv0D8sfK0=,lCyDg093KAzeeFEAJdNrLIDQqLE=
-36,-47,1AmzaaM7BwbsVAzsXonv0D8sfK0=,ASRBzFHIPF9ccDkQ5/Kot8zwEYM=
-35,-47,1AmzaaM7BwbsVAzsXonv0D8sfK0=,ASRBzFHIPF9ccDkQ5/Kot8zwEYM=
-33,-47,1AmzaaM7BwbsVAzsXonv0D8sfK0=,ASRBzFHIPF9ccDkQ5/Kot8zwEYM=
-34,-47,1AmzaaM7BwbsVAzsXonv0D8sfK0=,ASRBzFHIPF9ccDkQ5/Kot8zwEYM=
-39,-41,1AmzaaM7BwbsVAzsXonv0D8sfK0=,ASRBzFHIPF9ccDkQ5/Kot8zwEYM=
-36,-41,1AmzaaM7BwbsVAzsXonv0D8sfK0=,ASRBzFHIPF9ccDkQ5/Kot8zwEYM=
-39,-46,1AmzaaM7BwbsVAzsXonv0D8sfK0=,ASRBzFHIPF9ccDkQ5/Kot8zwEYM=
-38,-41,1AmzaaM7BwbsVAzsXonv0D8sfK0=,ASRBzFHIPF9ccDkQ5/Kot8zwEYM=
-41,-41,1AmzaaM7BwbsVAzsXonv0D8sfK0=,d1qsMsR7tyA7JY4tVXhK0jHxVKI=
-42,-41,1AmzaaM7BwbsVAzsXonv0D8sfK0=,d1qsMsR7tyA7JY4tVXhK0jHxVKI=
-43,-41,1AmzaaM7BwbsVAzsXonv0D8sfK0=,d1qsMsR7tyA7JY4tVXhK0jHxVKI=
-40,-45,1AmzaaM7BwbsVAzsXonv0D8sfK0=,ASRBzFHIPF9ccDkQ5/Kot8zwEYM=
-46,-41,1AmzaaM7BwbsVAzsXonv0D8sfK0=,d1qsMsR7tyA7JY4tVXhK0jHxVKI=
-47,-41,1AmzaaM7BwbsVAzsXonv0D8sfK0=,d1qsMsR7tyA7JY4tVXhK0jHxVKI=
-44,-41,1AmzaaM7BwbsVAzsXonv0D8sfK0=,d1qsMsR7tyA7JY4tVXhK0jHxVKI=
-45,-41,1AmzaaM7BwbsVAzsXonv0D8sfK0=,d1qsMsR7tyA7JY4tVXhK0jHxVKI=
-48,-41,1AmzaaM7BwbsVAzsXonv0D8sfK0=,d1qsMsR7tyA7JY4tVXhK0jHxVKI=
-41,-42,1AmzaaM7BwbsVAzsXonv0D8sfK0=,d1qsMsR7tyA7JY4tVXhK0jHxVKI=
-42,-42,1AmzaaM7BwbsVAzsXonv0D8sfK0=,d1qsMsR7tyA7JY4tVXhK0jHxVKI=
-46,-45,1AmzaaM7BwbsVAzsXonv0D8sfK0=,d1qsMsR7tyA7JY4tVXhK0jHxVKI=
-43,-42,1AmzaaM7BwbsVAzsXonv0D8sfK0=,d1qsMsR7tyA7JY4tVXhK0jHxVKI=
-44,-42,1AmzaaM7BwbsVAzsXonv0D8sfK0=,d1qsMsR7tyA7JY4tVXhK0jHxVKI=
-40,-46,1AmzaaM7BwbsVAzsXonv0D8sfK0=,ASRBzFHIPF9ccDkQ5/Kot8zwEYM=
-47,-45,1AmzaaM7BwbsVAzsXonv0D8sfK0=,d1qsMsR7tyA7JY4tVXhK0jHxVKI=
-41,-46,1AmzaaM7BwbsVAzsXonv0D8sfK0=,d1qsMsR7tyA7JY4tVXhK0jHxVKI=
-45,-42,1AmzaaM7BwbsVAzsXonv0D8sfK0=,d1qsMsR7tyA7JY4tVXhK0jHxVKI=
-47,-42,1AmzaaM7BwbsVAzsXonv0D8sfK0=,d1qsMsR7tyA7JY4tVXhK0jHxVKI=
-40,-41,1AmzaaM7BwbsVAzsXonv0D8sfK0=,ASRBzFHIPF9ccDkQ5/Kot8zwEYM=
-40,-47,1AmzaaM7BwbsVAzsXonv0D8sfK0=,ASRBzFHIPF9ccDkQ5/Kot8zwEYM=
-46,-42,1AmzaaM7BwbsVAzsXonv0D8sfK0=,d1qsMsR7tyA7JY4tVXhK0jHxVKI=
-48,-42,1AmzaaM7BwbsVAzsXonv0D8sfK0=,d1qsMsR7tyA7JY4tVXhK0jHxVKI=
-41,-47,1AmzaaM7BwbsVAzsXonv0D8sfK0=,d1qsMsR7tyA7JY4tVXhK0jHxVKI=
-42,-47,1AmzaaM7BwbsVAzsXonv0D8sfK0=,d1qsMsR7tyA7JY4tVXhK0jHxVKI=
-46,-47,1AmzaaM7BwbsVAzsXonv0D8sfK0=,d1qsMsR7tyA7JY4tVXhK0jHxVKI=
-45,-45,1AmzaaM7BwbsVAzsXonv0D8sfK0=,d1qsMsR7tyA7JY4tVXhK0jHxVKI=
-43,-43,1AmzaaM7BwbsVAzsXonv0D8sfK0=,d1qsMsR7tyA7JY4tVXhK0jHxVKI=
-40,-48,1AmzaaM7BwbsVAzsXonv0D8sfK0=,ASRBzFHIPF9ccDkQ5/Kot8zwEYM=
-42,-43,1AmzaaM7BwbsVAzsXonv0D8sfK0=,d1qsMsR7tyA7JY4tVXhK0jHxVKI=
-43,-48,1AmzaaM7BwbsVAzsXonv0D8sfK0=,d1qsMsR7tyA7JY4tVXhK0jHxVKI=
-42,-48,1AmzaaM7BwbsVAzsXonv0D8sfK0=,d1qsMsR7tyA7JY4tVXhK0jHxVKI=
-41,-48,1AmzaaM7BwbsVAzsXonv0D8sfK0=,d1qsMsR7tyA7JY4tVXhK0jHxVKI=
-44,-48,1AmzaaM7BwbsVAzsXonv0D8sfK0=,d1qsMsR7tyA7JY4tVXhK0jHxVKI=
-46,-43,1AmzaaM7BwbsVAzsXonv0D8sfK0=,d1qsMsR7tyA7JY4tVXhK0jHxVKI=
-45,-47,1AmzaaM7BwbsVAzsXonv0D8sfK0=,d1qsMsR7tyA7JY4tVXhK0jHxVKI=
-45,-43,1AmzaaM7BwbsVAzsXonv0D8sfK0=,d1qsMsR7tyA7JY4tVXhK0jHxVKI=
-47,-43,1AmzaaM7BwbsVAzsXonv0D8sfK0=,d1qsMsR7tyA7JY4tVXhK0jHxVKI=
-45,-48,1AmzaaM7BwbsVAzsXonv0D8sfK0=,d1qsMsR7tyA7JY4tVXhK0jHxVKI=
-44,-47,1AmzaaM7BwbsVAzsXonv0D8sfK0=,d1qsMsR7tyA7JY4tVXhK0jHxVKI=
-46,-48,1AmzaaM7BwbsVAzsXonv0D8sfK0=,d1qsMsR7tyA7JY4tVXhK0jHxVKI=
-48,-43,1AmzaaM7BwbsVAzsXonv0D8sfK0=,d1qsMsR7tyA7JY4tVXhK0jHxVKI=
-47,-46,1AmzaaM7BwbsVAzsXonv0D8sfK0=,d1qsMsR7tyA7JY4tVXhK0jHxVKI=
-48,-48,1AmzaaM7BwbsVAzsXonv0D8sfK0=,d1qsMsR7tyA7JY4tVXhK0jHxVKI=
-40,-42,1AmzaaM7BwbsVAzsXonv0D8sfK0=,ASRBzFHIPF9ccDkQ5/Kot8zwEYM=
-47,-48,1AmzaaM7BwbsVAzsXonv0D8sfK0=,d1qsMsR7tyA7JY4tVXhK0jHxVKI=
-48,-45,1AmzaaM7BwbsVAzsXonv0D8sfK0=,d1qsMsR7tyA7JY4tVXhK0jHxVKI=
-46,-46,1AmzaaM7BwbsVAzsXonv0D8sfK0=,d1qsMsR7tyA7JY4tVXhK0jHxVKI=
-47,-47,1AmzaaM7BwbsVAzsXonv0D8sfK0=,d1qsMsR7tyA7JY4tVXhK0jHxVKI=
-48,-47,1AmzaaM7BwbsVAzsXonv0D8sfK0=,d1qsMsR7tyA7JY4tVXhK0jHxVKI=
-47,-44,1AmzaaM7BwbsVAzsXonv0D8sfK0=,d1qsMsR7tyA7JY4tVXhK0jHxVKI=
-40,-40,1AmzaaM7BwbsVAzsXonv0D8sfK0=,lCyDg093KAzeeFEAJdNrLIDQqLE=
-44,-43,1AmzaaM7BwbsVAzsXonv0D8sfK0=,d1qsMsR7tyA7JY4tVXhK0jHxVKI=
-41,-43,1AmzaaM7BwbsVAzsXonv0D8sfK0=,d1qsMsR7tyA7JY4tVXhK0jHxVKI=
-43,-47,1AmzaaM7BwbsVAzsXonv0D8sfK0=,d1qsMsR7tyA7JY4tVXhK0jHxVKI=
-42,-46,1AmzaaM7BwbsVAzsXonv0D8sfK0=,d1qsMsR7tyA7JY4tVXhK0jHxVKI=
-48,-46,1AmzaaM7BwbsVAzsXonv0D8sfK0=,d1qsMsR7tyA7JY4tVXhK0jHxVKI=
-48,-44,1AmzaaM7BwbsVAzsXonv0D8sfK0=,d1qsMsR7tyA7JY4tVXhK0jHxVKI=
-40,-43,1AmzaaM7BwbsVAzsXonv0D8sfK0=,ASRBzFHIPF9ccDkQ5/Kot8zwEYM=
-43,-44,1AmzaaM7BwbsVAzsXonv0D8sfK0=,d1qsMsR7tyA7JY4tVXhK0jHxVKI=
-46,-44,1AmzaaM7BwbsVAzsXonv0D8sfK0=,d1qsMsR7tyA7JY4tVXhK0jHxVKI=
-44,-45,1AmzaaM7BwbsVAzsXonv0D8sfK0=,d1qsMsR7tyA7JY4tVXhK0jHxVKI=
-45,-46,1AmzaaM7BwbsVAzsXonv0D8sfK0=,d1qsMsR7tyA7JY4tVXhK0jHxVKI=
-41,-44,1AmzaaM7BwbsVAzsXonv0D8sfK0=,d1qsMsR7tyA7JY4tVXhK0jHxVKI=
-41,-45,1AmzaaM7BwbsVAzsXonv0D8sfK0=,d1qsMsR7tyA7JY4tVXhK0jHxVKI=
-43,-46,1AmzaaM7BwbsVAzsXonv0D8sfK0=,d1qsMsR7tyA7JY4tVXhK0jHxVKI=
-42,-44,1AmzaaM7BwbsVAzsXonv0D8sfK0=,d1qsMsR7tyA7JY4tVXhK0jHxVKI=
-43,-45,1AmzaaM7BwbsVAzsXonv0D8sfK0=,d1qsMsR7tyA7JY4tVXhK0jHxVKI=
-44,-44,1AmzaaM7BwbsVAzsXonv0D8sfK0=,d1qsMsR7tyA7JY4tVXhK0jHxVKI=
-40,-44,1AmzaaM7BwbsVAzsXonv0D8sfK0=,ASRBzFHIPF9ccDkQ5/Kot8zwEYM=
-44,-46,1AmzaaM7BwbsVAzsXonv0D8sfK0=,d1qsMsR7tyA7JY4tVXhK0jHxVKI=
-45,-44,1AmzaaM7BwbsVAzsXonv0D8sfK0=,d1qsMsR7tyA7JY4tVXhK0jHxVKI=
-42,-45,1AmzaaM7BwbsVAzsXonv0D8sfK0=,d1qsMsR7tyA7JY4tVXhK0jHxVKI=
-37,-59,1AmzaaM7BwbsVAzsXonv0D8sfK0=,hKlLOLZzQKbBtv0U4Ki4JkSURFg=
-36,-59,1AmzaaM7BwbsVAzsXonv0D8sfK0=,hKlLOLZzQKbBtv0U4Ki4JkSURFg=
-38,-59,1AmzaaM7BwbsVAzsXonv0D8sfK0=,hKlLOLZzQKbBtv0U4Ki4JkSURFg=
-39,-59,1AmzaaM7BwbsVAzsXonv0D8sfK0=,hKlLOLZzQKbBtv0U4Ki4JkSURFg=
-40,-59,1AmzaaM7BwbsVAzsXonv0D8sfK0=,hKlLOLZzQKbBtv0U4Ki4JkSURFg=
-35,-59,1AmzaaM7BwbsVAzsXonv0D8sfK0=,hKlLOLZzQKbBtv0U4Ki4JkSURFg=
-39,-60,1AmzaaM7BwbsVAzsXonv0D8sfK0=,hKlLOLZzQKbBtv0U4Ki4JkSURFg=
-40,-60,1AmzaaM7BwbsVAzsXonv0D8sfK0=,hKlLOLZzQKbBtv0U4Ki4JkSURFg=
-38,-60,1AmzaaM7BwbsVAzsXonv0D8sfK0=,hKlLOLZzQKbBtv0U4Ki4JkSURFg=
-34,-61,1AmzaaM7BwbsVAzsXonv0D8sfK0=,hKlLOLZzQKbBtv0U4Ki4JkSURFg=
-37,-60,1AmzaaM7BwbsVAzsXonv0D8sfK0=,hKlLOLZzQKbBtv0U4Ki4JkSURFg=
-33,-61,1AmzaaM7BwbsVAzsXonv0D8sfK0=,hKlLOLZzQKbBtv0U4Ki4JkSURFg=
-33,-60,1AmzaaM7BwbsVAzsXonv0D8sfK0=,hKlLOLZzQKbBtv0U4Ki4JkSURFg=
-33,-62,1AmzaaM7BwbsVAzsXonv0D8sfK0=,hKlLOLZzQKbBtv0U4Ki4JkSURFg=
-40,-61,1AmzaaM7BwbsVAzsXonv0D8sfK0=,hKlLOLZzQKbBtv0U4Ki4JkSURFg=
-34,-62,1AmzaaM7BwbsVAzsXonv0D8sfK0=,hKlLOLZzQKbBtv0U4Ki4JkSURFg=
-39,-61,1AmzaaM7BwbsVAzsXonv0D8sfK0=,hKlLOLZzQKbBtv0U4Ki4JkSURFg=
-34,-59,1AmzaaM7BwbsVAzsXonv0D8sfK0=,hKlLOLZzQKbBtv0U4Ki4JkSURFg=
-38,-61,1AmzaaM7BwbsVAzsXonv0D8sfK0=,hKlLOLZzQKbBtv0U4Ki4JkSURFg=
-35,-60,1AmzaaM7BwbsVAzsXonv0D8sfK0=,hKlLOLZzQKbBtv0U4Ki4JkSURFg=
-35,-62,1AmzaaM7BwbsVAzsXonv0D8sfK0=,hKlLOLZzQKbBtv0U4Ki4JkSURFg=
-40,-62,1AmzaaM7BwbsVAzsXonv0D8sfK0=,hKlLOLZzQKbBtv0U4Ki4JkSURFg=
-34,-63,1AmzaaM7BwbsVAzsXonv0D8sfK0=,hKlLOLZzQKbBtv0U4Ki4JkSURFg=
-33,-63,1AmzaaM7BwbsVAzsXonv0D8sfK0=,hKlLOLZzQKbBtv0U4Ki4JkSURFg=
-35,-63,1AmzaaM7BwbsVAzsXonv0D8sfK0=,hKlLOLZzQKbBtv0U4Ki4JkSURFg=
-36,-63,1AmzaaM7BwbsVAzsXonv0D8sfK0=,hKlLOLZzQKbBtv0U4Ki4JkSURFg=
-36,-60,1AmzaaM7BwbsVAzsXonv0D8sfK0=,hKlLOLZzQKbBtv0U4Ki4JkSURFg=
-33,-64,1AmzaaM7BwbsVAzsXonv0D8sfK0=,hKlLOLZzQKbBtv0U4Ki4JkSURFg=
-39,-62,1AmzaaM7BwbsVAzsXonv0D8sfK0=,hKlLOLZzQKbBtv0U4Ki4JkSURFg=
-34,-64,1AmzaaM7BwbsVAzsXonv0D8sfK0=,hKlLOLZzQKbBtv0U4Ki4JkSURFg=
-35,-64,1AmzaaM7BwbsVAzsXonv0D8sfK0=,hKlLOLZzQKbBtv0U4Ki4JkSURFg=
-37,-64,1AmzaaM7BwbsVAzsXonv0D8sfK0=,hKlLOLZzQKbBtv0U4Ki4JkSURFg=
-36,-64,1AmzaaM7BwbsVAzsXonv0D8sfK0=,hKlLOLZzQKbBtv0U4Ki4JkSURFg=
-40,-63,1AmzaaM7BwbsVAzsXonv0D8sfK0=,hKlLOLZzQKbBtv0U4Ki4JkSURFg=
-34,-60,1AmzaaM7BwbsVAzsXonv0D8sfK0=,hKlLOLZzQKbBtv0U4Ki4JkSURFg=
-35,-58,1AmzaaM7BwbsVAzsXonv0D8sfK0=,hKlLOLZzQKbBtv0U4Ki4JkSURFg=
-36,-58,1AmzaaM7BwbsVAzsXonv0D8sfK0=,hKlLOLZzQKbBtv0U4Ki4JkSURFg=
-34,-58,1AmzaaM7BwbsVAzsXonv0D8sfK0=,hKlLOLZzQKbBtv0U4Ki4JkSURFg=
-37,-58,1AmzaaM7BwbsVAzsXonv0D8sfK0=,hKlLOLZzQKbBtv0U4Ki4JkSURFg=
-38,-58,1AmzaaM7BwbsVAzsXonv0D8sfK0=,hKlLOLZzQKbBtv0U4Ki4JkSURFg=
-38,-62,1AmzaaM7BwbsVAzsXonv0D8sfK0=,hKlLOLZzQKbBtv0U4Ki4JkSURFg=
-39,-58,1AmzaaM7BwbsVAzsXonv0D8sfK0=,hKlLOLZzQKbBtv0U4Ki4JkSURFg=
-40,-58,1AmzaaM7BwbsVAzsXonv0D8sfK0=,hKlLOLZzQKbBtv0U4Ki4JkSURFg=
-33,-58,1AmzaaM7BwbsVAzsXonv0D8sfK0=,hKlLOLZzQKbBtv0U4Ki4JkSURFg=
-39,-63,1AmzaaM7BwbsVAzsXonv0D8sfK0=,hKlLOLZzQKbBtv0U4Ki4JkSURFg=
-37,-61,1AmzaaM7BwbsVAzsXonv0D8sfK0=,hKlLOLZzQKbBtv0U4Ki4JkSURFg=
-36,-61,1AmzaaM7BwbsVAzsXonv0D8sfK0=,hKlLOLZzQKbBtv0U4Ki4JkSURFg=
-38,-63,1AmzaaM7BwbsVAzsXonv0D8sfK0=,hKlLOLZzQKbBtv0U4Ki4JkSURFg=
-36,-62,1AmzaaM7BwbsVAzsXonv0D8sfK0=,hKlLOLZzQKbBtv0U4Ki4JkSURFg=
-33,-59,1AmzaaM7BwbsVAzsXonv0D8sfK0=,hKlLOLZzQKbBtv0U4Ki4JkSURFg=
-35,-61,1AmzaaM7BwbsVAzsXonv0D8sfK0=,hKlLOLZzQKbBtv0U4Ki4JkSURFg=
-37,-63,1AmzaaM7BwbsVAzsXonv0D8sfK0=,hKlLOLZzQKbBtv0U4Ki4JkSURFg=
-37,-62,1AmzaaM7BwbsVAzsXonv0D8sfK0=,hKlLOLZzQKbBtv0U4Ki4JkSURFg=
-40,-64,1AmzaaM7BwbsVAzsXonv0D8sfK0=,hKlLOLZzQKbBtv0U4Ki4JkSURFg=
-39,-64,1AmzaaM7BwbsVAzsXonv0D8sfK0=,hKlLOLZzQKbBtv0U4Ki4JkSURFg=
-38,-49,1AmzaaM7BwbsVAzsXonv0D8sfK0=,6U1+Laeg7YGdUxENzaqf+4ozXXA=
-38,-64,1AmzaaM7BwbsVAzsXonv0D8sfK0=,hKlLOLZzQKbBtv0U4Ki4JkSURFg=
-37,-49,1AmzaaM7BwbsVAzsXonv0D8sfK0=,6U1+Laeg7YGdUxENzaqf+4ozXXA=
-39,-49,1AmzaaM7BwbsVAzsXonv0D8sfK0=,6U1+Laeg7YGdUxENzaqf+4ozXXA=
-35,-50,1AmzaaM7BwbsVAzsXonv0D8sfK0=,6U1+Laeg7YGdUxENzaqf+4ozXXA=
-36,-56,1AmzaaM7BwbsVAzsXonv0D8sfK0=,6U1+Laeg7YGdUxENzaqf+4ozXXA=
-40,-49,1AmzaaM7BwbsVAzsXonv0D8sfK0=,6U1+Laeg7YGdUxENzaqf+4ozXXA=
-40,-54,1AmzaaM7BwbsVAzsXonv0D8sfK0=,6U1+Laeg7YGdUxENzaqf+4ozXXA=
-36,-50,1AmzaaM7BwbsVAzsXonv0D8sfK0=,6U1+Laeg7YGdUxENzaqf+4ozXXA=
-37,-50,1AmzaaM7BwbsVAzsXonv0D8sfK0=,6U1+Laeg7YGdUxENzaqf+4ozXXA=
-36,-51,1AmzaaM7BwbsVAzsXonv0D8sfK0=,6U1+Laeg7YGdUxENzaqf+4ozXXA=
-37,-56,1AmzaaM7BwbsVAzsXonv0D8sfK0=,6U1+Laeg7YGdUxENzaqf+4ozXXA=
-34,-55,1AmzaaM7BwbsVAzsXonv0D8sfK0=,6U1+Laeg7YGdUxENzaqf+4ozXXA=
-34,-50,1AmzaaM7BwbsVAzsXonv0D8sfK0=,6U1+Laeg7YGdUxENzaqf+4ozXXA=
-34,-52,1AmzaaM7BwbsVAzsXonv0D8sfK0=,6U1+Laeg7YGdUxENzaqf+4ozXXA=
-38,-53,1AmzaaM7BwbsVAzsXonv0D8sfK0=,6U1+Laeg7YGdUxENzaqf+4ozXXA=
-33,-55,1AmzaaM7BwbsVAzsXonv0D8sfK0=,6U1+Laeg7YGdUxENzaqf+4ozXXA=
-35,-52,1AmzaaM7BwbsVAzsXonv0D8sfK0=,6U1+Laeg7YGdUxENzaqf+4ozXXA=
-39,-53,1AmzaaM7BwbsVAzsXonv0D8sfK0=,6U1+Laeg7YGdUxENzaqf+4ozXXA=
-40,-53,1AmzaaM7BwbsVAzsXonv0D8sfK0=,6U1+Laeg7YGdUxENzaqf+4ozXXA=
-38,-56,1AmzaaM7BwbsVAzsXonv0D8sfK0=,6U1+Laeg7YGdUxENzaqf+4ozXXA=
-39,-55,1AmzaaM7BwbsVAzsXonv0D8sfK0=,6U1+Laeg7YGdUxENzaqf+4ozXXA=
-40,-55,1AmzaaM7BwbsVAzsXonv0D8sfK0=,6U1+Laeg7YGdUxENzaqf+4ozXXA=
-38,-55,1AmzaaM7BwbsVAzsXonv0D8sfK0=,6U1+Laeg7YGdUxENzaqf+4ozXXA=
-33,-56,1AmzaaM7BwbsVAzsXonv0D8sfK0=,6U1+Laeg7YGdUxENzaqf+4ozXXA=
-37,-51,1AmzaaM7BwbsVAzsXonv0D8sfK0=,6U1+Laeg7YGdUxENzaqf+4ozXXA=
-38,-51,1AmzaaM7BwbsVAzsXonv0D8sfK0=,6U1+Laeg7YGdUxENzaqf+4ozXXA=
-34,-56,1AmzaaM7BwbsVAzsXonv0D8sfK0=,6U1+Laeg7YGdUxENzaqf+4ozXXA=
-35,-55,1AmzaaM7BwbsVAzsXonv0D8sfK0=,6U1+Laeg7YGdUxENzaqf+4ozXXA=
-33,-52,1AmzaaM7BwbsVAzsXonv0D8sfK0=,6U1+Laeg7YGdUxENzaqf+4ozXXA=
-34,-53,1AmzaaM7BwbsVAzsXonv0D8sfK0=,6U1+Laeg7YGdUxENzaqf+4ozXXA=
-37,-53,1AmzaaM7BwbsVAzsXonv0D8sfK0=,6U1+Laeg7YGdUxENzaqf+4ozXXA=
-35,-53,1AmzaaM7BwbsVAzsXonv0D8sfK0=,6U1+Laeg7YGdUxENzaqf+4ozXXA=
-38,-54,1AmzaaM7BwbsVAzsXonv0D8sfK0=,6U1+Laeg7YGdUxENzaqf+4ozXXA=
-36,-49,1AmzaaM7BwbsVAzsXonv0D8sfK0=,6U1+Laeg7YGdUxENzaqf+4ozXXA=
-39,-54,1AmzaaM7BwbsVAzsXonv0D8sfK0=,6U1+Laeg7YGdUxENzaqf+4ozXXA=
-39,-56,1AmzaaM7BwbsVAzsXonv0D8sfK0=,6U1+Laeg7YGdUxENzaqf+4ozXXA=
-35,-56,1AmzaaM7BwbsVAzsXonv0D8sfK0=,6U1+Laeg7YGdUxENzaqf+4ozXXA=
-40,-56,1AmzaaM7BwbsVAzsXonv0D8sfK0=,6U1+Laeg7YGdUxENzaqf+4ozXXA=
-38,-50,1AmzaaM7BwbsVAzsXonv0D8sfK0=,6U1+Laeg7YGdUxENzaqf+4ozXXA=
-38,-52,1AmzaaM7BwbsVAzsXonv0D8sfK0=,6U1+Laeg7YGdUxENzaqf+4ozXXA=
-33,-54,1AmzaaM7BwbsVAzsXonv0D8sfK0=,6U1+Laeg7YGdUxENzaqf+4ozXXA=
-33,-57,1AmzaaM7BwbsVAzsXonv0D8sfK0=,hKlLOLZzQKbBtv0U4Ki4JkSURFg=
-35,-57,1AmzaaM7BwbsVAzsXonv0D8sfK0=,hKlLOLZzQKbBtv0U4Ki4JkSURFg=
-34,-57,1AmzaaM7BwbsVAzsXonv0D8sfK0=,hKlLOLZzQKbBtv0U4Ki4JkSURFg=
-35,-51,1AmzaaM7BwbsVAzsXonv0D8sfK0=,6U1+Laeg7YGdUxENzaqf+4ozXXA=
-39,-50,1AmzaaM7BwbsVAzsXonv0D8sfK0=,6U1+Laeg7YGdUxENzaqf+4ozXXA=
-39,-52,1AmzaaM7BwbsVAzsXonv0D8sfK0=,6U1+Laeg7YGdUxENzaqf+4ozXXA=
-40,-50,1AmzaaM7BwbsVAzsXonv0D8sfK0=,6U1+Laeg7YGdUxENzaqf+4ozXXA=
-36,-57,1AmzaaM7BwbsVAzsXonv0D8sfK0=,hKlLOLZzQKbBtv0U4Ki4JkSURFg=
-40,-52,1AmzaaM7BwbsVAzsXonv0D8sfK0=,6U1+Laeg7YGdUxENzaqf+4ozXXA=
-39,-51,1AmzaaM7BwbsVAzsXonv0D8sfK0=,6U1+Laeg7YGdUxENzaqf+4ozXXA=
-36,-55,1AmzaaM7BwbsVAzsXonv0D8sfK0=,6U1+Laeg7YGdUxENzaqf+4ozXXA=
-38,-57,1AmzaaM7BwbsVAzsXonv0D8sfK0=,hKlLOLZzQKbBtv0U4Ki4JkSURFg=
-37,-57,1AmzaaM7BwbsVAzsXonv0D8sfK0=,hKlLOLZzQKbBtv0U4Ki4JkSURFg=
-40,-57,1AmzaaM7BwbsVAzsXonv0D8sfK0=,hKlLOLZzQKbBtv0U4Ki4JkSURFg=
-40,-51,1AmzaaM7BwbsVAzsXonv0D8sfK0=,6U1+Laeg7YGdUxENzaqf+4ozXXA=
-39,-57,1AmzaaM7BwbsVAzsXonv0D8sfK0=,hKlLOLZzQKbBtv0U4Ki4JkSURFg=
-37,-55,1AmzaaM7BwbsVAzsXonv0D8sfK0=,6U1+Laeg7YGdUxENzaqf+4ozXXA=
-37,-54,1AmzaaM7BwbsVAzsXonv0D8sfK0=,6U1+Laeg7YGdUxENzaqf+4ozXXA=
-36,-52,1AmzaaM7BwbsVAzsXonv0D8sfK0=,6U1+Laeg7YGdUxENzaqf+4ozXXA=
-35,-49,1AmzaaM7BwbsVAzsXonv0D8sfK0=,6U1+Laeg7YGdUxENzaqf+4ozXXA=
-36,-54,1AmzaaM7BwbsVAzsXonv0D8sfK0=,6U1+Laeg7YGdUxENzaqf+4ozXXA=
-37,-52,1AmzaaM7BwbsVAzsXonv0D8sfK0=,6U1+Laeg7YGdUxENzaqf+4ozXXA=
-34,-54,1AmzaaM7BwbsVAzsXonv0D8sfK0=,6U1+Laeg7YGdUxENzaqf+4ozXXA=
-35,-54,1AmzaaM7BwbsVAzsXonv0D8sfK0=,6U1+Laeg7YGdUxENzaqf+4ozXXA=
-33,-50,1AmzaaM7BwbsVAzsXonv0D8sfK0=,6U1+Laeg7YGdUxENzaqf+4ozXXA=
-36,-53,1AmzaaM7BwbsVAzsXonv0D8sfK0=,6U1+Laeg7YGdUxENzaqf+4ozXXA=
-34,-49,1AmzaaM7BwbsVAzsXonv0D8sfK0=,6U1+Laeg7YGdUxENzaqf+4ozXXA=
-33,-53,1AmzaaM7BwbsVAzsXonv0D8sfK0=,6U1+Laeg7YGdUxENzaqf+4ozXXA=
-33,-49,1AmzaaM7BwbsVAzsXonv0D8sfK0=,6U1+Laeg7YGdUxENzaqf+4ozXXA=
-34,-51,1AmzaaM7BwbsVAzsXonv0D8sfK0=,6U1+Laeg7YGdUxENzaqf+4ozXXA=
-33,-51,1AmzaaM7BwbsVAzsXonv0D8sfK0=,6U1+Laeg7YGdUxENzaqf+4ozXXA=
-52,-59,XMRIMoOaZie+gY7Z3EoVBU8U5js=,xFHy2gzyGN+mRM1+Pe0lA4VfXuE=
-53,-59,XMRIMoOaZie+gY7Z3EoVBU8U5js=,xFHy2gzyGN+mRM1+Pe0lA4VfXuE=
-54,-59,XMRIMoOaZie+gY7Z3EoVBU8U5js=,xFHy2gzyGN+mRM1+Pe0lA4VfXuE=
-55,-59,XMRIMoOaZie+gY7Z3EoVBU8U5js=,xFHy2gzyGN+mRM1+Pe0lA4VfXuE=
-51,-60,XMRIMoOaZie+gY7Z3EoVBU8U5js=,xFHy2gzyGN+mRM1+Pe0lA4VfXuE=
-50,-60,XMRIMoOaZie+gY7Z3EoVBU8U5js=,xFHy2gzyGN+mRM1+Pe0lA4VfXuE=
-53,-60,XMRIMoOaZie+gY7Z3EoVBU8U5js=,xFHy2gzyGN+mRM1+Pe0lA4VfXuE=
-52,-60,XMRIMoOaZie+gY7Z3EoVBU8U5js=,xFHy2gzyGN+mRM1+Pe0lA4VfXuE=
-54,-60,XMRIMoOaZie+gY7Z3EoVBU8U5js=,xFHy2gzyGN+mRM1+Pe0lA4VfXuE=
-50,-61,XMRIMoOaZie+gY7Z3EoVBU8U5js=,xFHy2gzyGN+mRM1+Pe0lA4VfXuE=
-51,-61,XMRIMoOaZie+gY7Z3EoVBU8U5js=,xFHy2gzyGN+mRM1+Pe0lA4VfXuE=
-52,-61,XMRIMoOaZie+gY7Z3EoVBU8U5js=,xFHy2gzyGN+mRM1+Pe0lA4VfXuE=
-53,-61,XMRIMoOaZie+gY7Z3EoVBU8U5js=,xFHy2gzyGN+mRM1+Pe0lA4VfXuE=
-54,-61,XMRIMoOaZie+gY7Z3EoVBU8U5js=,xFHy2gzyGN+mRM1+Pe0lA4VfXuE=
-55,-61,XMRIMoOaZie+gY7Z3EoVBU8U5js=,xFHy2gzyGN+mRM1+Pe0lA4VfXuE=
-50,-62,XMRIMoOaZie+gY7Z3EoVBU8U5js=,xFHy2gzyGN+mRM1+Pe0lA4VfXuE=
-51,-62,XMRIMoOaZie+gY7Z3EoVBU8U5js=,xFHy2gzyGN+mRM1+Pe0lA4VfXuE=
-52,-62,XMRIMoOaZie+gY7Z3EoVBU8U5js=,xFHy2gzyGN+mRM1+Pe0lA4VfXuE=
-53,-62,XMRIMoOaZie+gY7Z3EoVBU8U5js=,xFHy2gzyGN+mRM1+Pe0lA4VfXuE=
-55,-60,XMRIMoOaZie+gY7Z3EoVBU8U5js=,xFHy2gzyGN+mRM1+Pe0lA4VfXuE=
-54,-62,XMRIMoOaZie+gY7Z3EoVBU8U5js=,xFHy2gzyGN+mRM1+Pe0lA4VfXuE=
-50,-63,XMRIMoOaZie+gY7Z3EoVBU8U5js=,xFHy2gzyGN+mRM1+Pe0lA4VfXuE=
-55,-62,XMRIMoOaZie+gY7Z3EoVBU8U5js=,xFHy2gzyGN+mRM1+Pe0lA4VfXuE=
-51,-63,XMRIMoOaZie+gY7Z3EoVBU8U5js=,xFHy2gzyGN+mRM1+Pe0lA4VfXuE=
-52,-63,XMRIMoOaZie+gY7Z3EoVBU8U5js=,xFHy2gzyGN+mRM1+Pe0lA4VfXuE=
-53,-63,XMRIMoOaZie+gY7Z3EoVBU8U5js=,xFHy2gzyGN+mRM1+Pe0lA4VfXuE=
-55,-63,XMRIMoOaZie+gY7Z3EoVBU8U5js=,xFHy2gzyGN+mRM1+Pe0lA4VfXuE=
-50,-58,XMRIMoOaZie+gY7Z3EoVBU8U5js=,xFHy2gzyGN+mRM1+Pe0lA4VfXuE=
-51,-58,XMRIMoOaZie+gY7Z3EoVBU8U5js=,xFHy2gzyGN+mRM1+Pe0lA4VfXuE=
-54,-63,XMRIMoOaZie+gY7Z3EoVBU8U5js=,xFHy2gzyGN+mRM1+Pe0lA4VfXuE=
-53,-58,XMRIMoOaZie+gY7Z3EoVBU8U5js=,xFHy2gzyGN+mRM1+Pe0lA4VfXuE=
-52,-58,XMRIMoOaZie+gY7Z3EoVBU8U5js=,xFHy2gzyGN+mRM1+Pe0lA4VfXuE=
-54,-58,XMRIMoOaZie+gY7Z3EoVBU8U5js=,xFHy2gzyGN+mRM1+Pe0lA4VfXuE=
-55,-58,XMRIMoOaZie+gY7Z3EoVBU8U5js=,xFHy2gzyGN+mRM1+Pe0lA4VfXuE=
-50,-59,XMRIMoOaZie+gY7Z3EoVBU8U5js=,xFHy2gzyGN+mRM1+Pe0lA4VfXuE=
-51,-59,XMRIMoOaZie+gY7Z3EoVBU8U5js=,xFHy2gzyGN+mRM1+Pe0lA4VfXuE=
-58,-54,XMRIMoOaZie+gY7Z3EoVBU8U5js=,nsYRb34HrCD15ZNeTbf9026bo4o=
-63,-53,XMRIMoOaZie+gY7Z3EoVBU8U5js=,nsYRb34HrCD15ZNeTbf9026bo4o=
-62,-53,XMRIMoOaZie+gY7Z3EoVBU8U5js=,nsYRb34HrCD15ZNeTbf9026bo4o=
-61,-53,XMRIMoOaZie+gY7Z3EoVBU8U5js=,nsYRb34HrCD15ZNeTbf9026bo4o=
-60,-53,XMRIMoOaZie+gY7Z3EoVBU8U5js=,nsYRb34HrCD15ZNeTbf9026bo4o=
-59,-53,XMRIMoOaZie+gY7Z3EoVBU8U5js=,nsYRb34HrCD15ZNeTbf9026bo4o=
-58,-53,XMRIMoOaZie+gY7Z3EoVBU8U5js=,nsYRb34HrCD15ZNeTbf9026bo4o=
-63,-52,XMRIMoOaZie+gY7Z3EoVBU8U5js=,nsYRb34HrCD15ZNeTbf9026bo4o=
-58,-49,XMRIMoOaZie+gY7Z3EoVBU8U5js=,nsYRb34HrCD15ZNeTbf9026bo4o=
-62,-52,XMRIMoOaZie+gY7Z3EoVBU8U5js=,nsYRb34HrCD15ZNeTbf9026bo4o=
-60,-52,XMRIMoOaZie+gY7Z3EoVBU8U5js=,nsYRb34HrCD15ZNeTbf9026bo4o=
-61,-52,XMRIMoOaZie+gY7Z3EoVBU8U5js=,nsYRb34HrCD15ZNeTbf9026bo4o=
-59,-52,XMRIMoOaZie+gY7Z3EoVBU8U5js=,nsYRb34HrCD15ZNeTbf9026bo4o=
-63,-51,XMRIMoOaZie+gY7Z3EoVBU8U5js=,nsYRb34HrCD15ZNeTbf9026bo4o=
-58,-52,XMRIMoOaZie+gY7Z3EoVBU8U5js=,nsYRb34HrCD15ZNeTbf9026bo4o=
-61,-51,XMRIMoOaZie+gY7Z3EoVBU8U5js=,nsYRb34HrCD15ZNeTbf9026bo4o=
-60,-51,XMRIMoOaZie+gY7Z3EoVBU8U5js=,nsYRb34HrCD15ZNeTbf9026bo4o=
-62,-51,XMRIMoOaZie+gY7Z3EoVBU8U5js=,nsYRb34HrCD15ZNeTbf9026bo4o=
-58,-51,XMRIMoOaZie+gY7Z3EoVBU8U5js=,nsYRb34HrCD15ZNeTbf9026bo4o=
-59,-51,XMRIMoOaZie+gY7Z3EoVBU8U5js=,nsYRb34HrCD15ZNeTbf9026bo4o=
-62,-50,XMRIMoOaZie+gY7Z3EoVBU8U5js=,nsYRb34HrCD15ZNeTbf9026bo4o=
-63,-50,XMRIMoOaZie+gY7Z3EoVBU8U5js=,nsYRb34HrCD15ZNeTbf9026bo4o=
-61,-50,XMRIMoOaZie+gY7Z3EoVBU8U5js=,nsYRb34HrCD15ZNeTbf9026bo4o=
-59,-50,XMRIMoOaZie+gY7Z3EoVBU8U5js=,nsYRb34HrCD15ZNeTbf9026bo4o=
-58,-50,XMRIMoOaZie+gY7Z3EoVBU8U5js=,nsYRb34HrCD15ZNeTbf9026bo4o=
-63,-55,XMRIMoOaZie+gY7Z3EoVBU8U5js=,nsYRb34HrCD15ZNeTbf9026bo4o=
-60,-50,XMRIMoOaZie+gY7Z3EoVBU8U5js=,nsYRb34HrCD15ZNeTbf9026bo4o=
-62,-55,XMRIMoOaZie+gY7Z3EoVBU8U5js=,nsYRb34HrCD15ZNeTbf9026bo4o=
-61,-55,XMRIMoOaZie+gY7Z3EoVBU8U5js=,nsYRb34HrCD15ZNeTbf9026bo4o=
-60,-55,XMRIMoOaZie+gY7Z3EoVBU8U5js=,nsYRb34HrCD15ZNeTbf9026bo4o=
-59,-55,XMRIMoOaZie+gY7Z3EoVBU8U5js=,nsYRb34HrCD15ZNeTbf9026bo4o=
-59,-54,XMRIMoOaZie+gY7Z3EoVBU8U5js=,nsYRb34HrCD15ZNeTbf9026bo4o=
-58,-55,XMRIMoOaZie+gY7Z3EoVBU8U5js=,nsYRb34HrCD15ZNeTbf9026bo4o=
-63,-49,XMRIMoOaZie+gY7Z3EoVBU8U5js=,nsYRb34HrCD15ZNeTbf9026bo4o=
-62,-49,XMRIMoOaZie+gY7Z3EoVBU8U5js=,nsYRb34HrCD15ZNeTbf9026bo4o=
-61,-49,XMRIMoOaZie+gY7Z3EoVBU8U5js=,nsYRb34HrCD15ZNeTbf9026bo4o=
-63,-54,XMRIMoOaZie+gY7Z3EoVBU8U5js=,nsYRb34HrCD15ZNeTbf9026bo4o=
-60,-49,XMRIMoOaZie+gY7Z3EoVBU8U5js=,nsYRb34HrCD15ZNeTbf9026bo4o=
-62,-54,XMRIMoOaZie+gY7Z3EoVBU8U5js=,nsYRb34HrCD15ZNeTbf9026bo4o=
-61,-54,XMRIMoOaZie+gY7Z3EoVBU8U5js=,nsYRb34HrCD15ZNeTbf9026bo4o=
-59,-49,XMRIMoOaZie+gY7Z3EoVBU8U5js=,nsYRb34HrCD15ZNeTbf9026bo4o=
-60,-54,XMRIMoOaZie+gY7Z3EoVBU8U5js=,nsYRb34HrCD15ZNeTbf9026bo4o=
-64,-53,XMRIMoOaZie+gY7Z3EoVBU8U5js=,nsYRb34HrCD15ZNeTbf9026bo4o=
-64,-52,XMRIMoOaZie+gY7Z3EoVBU8U5js=,nsYRb34HrCD15ZNeTbf9026bo4o=
-64,-51,XMRIMoOaZie+gY7Z3EoVBU8U5js=,nsYRb34HrCD15ZNeTbf9026bo4o=
-64,-50,XMRIMoOaZie+gY7Z3EoVBU8U5js=,nsYRb34HrCD15ZNeTbf9026bo4o=
-64,-55,XMRIMoOaZie+gY7Z3EoVBU8U5js=,nsYRb34HrCD15ZNeTbf9026bo4o=
-64,-54,XMRIMoOaZie+gY7Z3EoVBU8U5js=,nsYRb34HrCD15ZNeTbf9026bo4o=
-49,-59,XMRIMoOaZie+gY7Z3EoVBU8U5js=,xFHy2gzyGN+mRM1+Pe0lA4VfXuE=
-49,-58,XMRIMoOaZie+gY7Z3EoVBU8U5js=,xFHy2gzyGN+mRM1+Pe0lA4VfXuE=
-49,-63,XMRIMoOaZie+gY7Z3EoVBU8U5js=,xFHy2gzyGN+mRM1+Pe0lA4VfXuE=
-49,-62,XMRIMoOaZie+gY7Z3EoVBU8U5js=,xFHy2gzyGN+mRM1+Pe0lA4VfXuE=
-49,-61,XMRIMoOaZie+gY7Z3EoVBU8U5js=,xFHy2gzyGN+mRM1+Pe0lA4VfXuE=
-49,-60,XMRIMoOaZie+gY7Z3EoVBU8U5js=,xFHy2gzyGN+mRM1+Pe0lA4VfXuE=
-55,-64,XMRIMoOaZie+gY7Z3EoVBU8U5js=,xFHy2gzyGN+mRM1+Pe0lA4VfXuE=
-54,-64,XMRIMoOaZie+gY7Z3EoVBU8U5js=,xFHy2gzyGN+mRM1+Pe0lA4VfXuE=
-52,-64,XMRIMoOaZie+gY7Z3EoVBU8U5js=,xFHy2gzyGN+mRM1+Pe0lA4VfXuE=
-51,-64,XMRIMoOaZie+gY7Z3EoVBU8U5js=,xFHy2gzyGN+mRM1+Pe0lA4VfXuE=
-53,-64,XMRIMoOaZie+gY7Z3EoVBU8U5js=,xFHy2gzyGN+mRM1+Pe0lA4VfXuE=
-50,-64,XMRIMoOaZie+gY7Z3EoVBU8U5js=,xFHy2gzyGN+mRM1+Pe0lA4VfXuE=
-64,-49,XMRIMoOaZie+gY7Z3EoVBU8U5js=,nsYRb34HrCD15ZNeTbf9026bo4o=
-49,-64,XMRIMoOaZie+gY7Z3EoVBU8U5js=,xFHy2gzyGN+mRM1+Pe0lA4VfXuE=
-54,-55,XMRIMoOaZie+gY7Z3EoVBU8U5js=,m7de1KoG4i7FJ7/FEa9vFVtzIwU=
-57,-54,XMRIMoOaZie+gY7Z3EoVBU8U5js=,nsYRb34HrCD15ZNeTbf9026bo4o=
-52,-53,XMRIMoOaZie+gY7Z3EoVBU8U5js=,m7de1KoG4i7FJ7/FEa9vFVtzIwU=
-53,-55,XMRIMoOaZie+gY7Z3EoVBU8U5js=,m7de1KoG4i7FJ7/FEa9vFVtzIwU=
-51,-53,XMRIMoOaZie+gY7Z3EoVBU8U5js=,m7de1KoG4i7FJ7/FEa9vFVtzIwU=
-57,-49,XMRIMoOaZie+gY7Z3EoVBU8U5js=,nsYRb34HrCD15ZNeTbf9026bo4o=
-49,-49,XMRIMoOaZie+gY7Z3EoVBU8U5js=,m7de1KoG4i7FJ7/FEa9vFVtzIwU=
-53,-53,XMRIMoOaZie+gY7Z3EoVBU8U5js=,m7de1KoG4i7FJ7/FEa9vFVtzIwU=
-50,-49,XMRIMoOaZie+gY7Z3EoVBU8U5js=,m7de1KoG4i7FJ7/FEa9vFVtzIwU=
-51,-54,XMRIMoOaZie+gY7Z3EoVBU8U5js=,m7de1KoG4i7FJ7/FEa9vFVtzIwU=
-56,-54,XMRIMoOaZie+gY7Z3EoVBU8U5js=,m7de1KoG4i7FJ7/FEa9vFVtzIwU=
-50,-53,XMRIMoOaZie+gY7Z3EoVBU8U5js=,m7de1KoG4i7FJ7/FEa9vFVtzIwU=
-52,-55,XMRIMoOaZie+gY7Z3EoVBU8U5js=,m7de1KoG4i7FJ7/FEa9vFVtzIwU=
-51,-49,XMRIMoOaZie+gY7Z3EoVBU8U5js=,m7de1KoG4i7FJ7/FEa9vFVtzIwU=
-55,-54,XMRIMoOaZie+gY7Z3EoVBU8U5js=,m7de1KoG4i7FJ7/FEa9vFVtzIwU=
-57,-55,XMRIMoOaZie+gY7Z3EoVBU8U5js=,nsYRb34HrCD15ZNeTbf9026bo4o=
-54,-54,XMRIMoOaZie+gY7Z3EoVBU8U5js=,m7de1KoG4i7FJ7/FEa9vFVtzIwU=
-50,-54,XMRIMoOaZie+gY7Z3EoVBU8U5js=,m7de1KoG4i7FJ7/FEa9vFVtzIwU=
-49,-53,XMRIMoOaZie+gY7Z3EoVBU8U5js=,m7de1KoG4i7FJ7/FEa9vFVtzIwU=
-56,-52,XMRIMoOaZie+gY7Z3EoVBU8U5js=,m7de1KoG4i7FJ7/FEa9vFVtzIwU=
-49,-54,XMRIMoOaZie+gY7Z3EoVBU8U5js=,m7de1KoG4i7FJ7/FEa9vFVtzIwU=
-55,-57,XMRIMoOaZie+gY7Z3EoVBU8U5js=,xFHy2gzyGN+mRM1+Pe0lA4VfXuE=
-54,-57,XMRIMoOaZie+gY7Z3EoVBU8U5js=,xFHy2gzyGN+mRM1+Pe0lA4VfXuE=
-53,-57,XMRIMoOaZie+gY7Z3EoVBU8U5js=,xFHy2gzyGN+mRM1+Pe0lA4VfXuE=
-52,-57,XMRIMoOaZie+gY7Z3EoVBU8U5js=,xFHy2gzyGN+mRM1+Pe0lA4VfXuE=
-51,-57,XMRIMoOaZie+gY7Z3EoVBU8U5js=,xFHy2gzyGN+mRM1+Pe0lA4VfXuE=
-57,-53,XMRIMoOaZie+gY7Z3EoVBU8U5js=,nsYRb34HrCD15ZNeTbf9026bo4o=
-50,-57,XMRIMoOaZie+gY7Z3EoVBU8U5js=,xFHy2gzyGN+mRM1+Pe0lA4VfXuE=
-49,-57,XMRIMoOaZie+gY7Z3EoVBU8U5js=,xFHy2gzyGN+mRM1+Pe0lA4VfXuE=
-55,-52,XMRIMoOaZie+gY7Z3EoVBU8U5js=,m7de1KoG4i7FJ7/FEa9vFVtzIwU=
-56,-53,XMRIMoOaZie+gY7Z3EoVBU8U5js=,m7de1KoG4i7FJ7/FEa9vFVtzIwU=
-54,-52,XMRIMoOaZie+gY7Z3EoVBU8U5js=,m7de1KoG4i7FJ7/FEa9vFVtzIwU=
-49,-55,XMRIMoOaZie+gY7Z3EoVBU8U5js=,m7de1KoG4i7FJ7/FEa9vFVtzIwU=
-57,-50,XMRIMoOaZie+gY7Z3EoVBU8U5js=,nsYRb34HrCD15ZNeTbf9026bo4o=
-50,-55,XMRIMoOaZie+gY7Z3EoVBU8U5js=,m7de1KoG4i7FJ7/FEa9vFVtzIwU=
-54,-49,XMRIMoOaZie+gY7Z3EoVBU8U5js=,m7de1KoG4i7FJ7/FEa9vFVtzIwU=
-53,-56,XMRIMoOaZie+gY7Z3EoVBU8U5js=,m7de1KoG4i7FJ7/FEa9vFVtzIwU=
-51,-55,XMRIMoOaZie+gY7Z3EoVBU8U5js=,m7de1KoG4i7FJ7/FEa9vFVtzIwU=
-52,-54,XMRIMoOaZie+gY7Z3EoVBU8U5js=,m7de1KoG4i7FJ7/FEa9vFVtzIwU=
-55,-49,XMRIMoOaZie+gY7Z3EoVBU8U5js=,m7de1KoG4i7FJ7/FEa9vFVtzIwU=
-56,-49,XMRIMoOaZie+gY7Z3EoVBU8U5js=,m7de1KoG4i7FJ7/FEa9vFVtzIwU=
-49,-50,XMRIMoOaZie+gY7Z3EoVBU8U5js=,m7de1KoG4i7FJ7/FEa9vFVtzIwU=
-53,-52,XMRIMoOaZie+gY7Z3EoVBU8U5js=,m7de1KoG4i7FJ7/FEa9vFVtzIwU=
-52,-56,XMRIMoOaZie+gY7Z3EoVBU8U5js=,m7de1KoG4i7FJ7/FEa9vFVtzIwU=
-51,-56,XMRIMoOaZie+gY7Z3EoVBU8U5js=,m7de1KoG4i7FJ7/FEa9vFVtzIwU=
-55,-56,XMRIMoOaZie+gY7Z3EoVBU8U5js=,m7de1KoG4i7FJ7/FEa9vFVtzIwU=
-50,-50,XMRIMoOaZie+gY7Z3EoVBU8U5js=,m7de1KoG4i7FJ7/FEa9vFVtzIwU=
-57,-52,XMRIMoOaZie+gY7Z3EoVBU8U5js=,nsYRb34HrCD15ZNeTbf9026bo4o=
-50,-56,XMRIMoOaZie+gY7Z3EoVBU8U5js=,m7de1KoG4i7FJ7/FEa9vFVtzIwU=
-54,-56,XMRIMoOaZie+gY7Z3EoVBU8U5js=,m7de1KoG4i7FJ7/FEa9vFVtzIwU=
-53,-49,XMRIMoOaZie+gY7Z3EoVBU8U5js=,m7de1KoG4i7FJ7/FEa9vFVtzIwU=
-57,-51,XMRIMoOaZie+gY7Z3EoVBU8U5js=,nsYRb34HrCD15ZNeTbf9026bo4o=
-54,-50,XMRIMoOaZie+gY7Z3EoVBU8U5js=,m7de1KoG4i7FJ7/FEa9vFVtzIwU=
-55,-55,XMRIMoOaZie+gY7Z3EoVBU8U5js=,m7de1KoG4i7FJ7/FEa9vFVtzIwU=
-55,-50,XMRIMoOaZie+gY7Z3EoVBU8U5js=,m7de1KoG4i7FJ7/FEa9vFVtzIwU=
-51,-50,XMRIMoOaZie+gY7Z3EoVBU8U5js=,m7de1KoG4i7FJ7/FEa9vFVtzIwU=
-52,-50,XMRIMoOaZie+gY7Z3EoVBU8U5js=,m7de1KoG4i7FJ7/FEa9vFVtzIwU=
-53,-54,XMRIMoOaZie+gY7Z3EoVBU8U5js=,m7de1KoG4i7FJ7/FEa9vFVtzIwU=
-53,-50,XMRIMoOaZie+gY7Z3EoVBU8U5js=,m7de1KoG4i7FJ7/FEa9vFVtzIwU=
-49,-51,XMRIMoOaZie+gY7Z3EoVBU8U5js=,m7de1KoG4i7FJ7/FEa9vFVtzIwU=
-50,-51,XMRIMoOaZie+gY7Z3EoVBU8U5js=,m7de1KoG4i7FJ7/FEa9vFVtzIwU=
-56,-50,XMRIMoOaZie+gY7Z3EoVBU8U5js=,m7de1KoG4i7FJ7/FEa9vFVtzIwU=
-49,-56,XMRIMoOaZie+gY7Z3EoVBU8U5js=,m7de1KoG4i7FJ7/FEa9vFVtzIwU=
-51,-51,XMRIMoOaZie+gY7Z3EoVBU8U5js=,m7de1KoG4i7FJ7/FEa9vFVtzIwU=
-52,-49,XMRIMoOaZie+gY7Z3EoVBU8U5js=,m7de1KoG4i7FJ7/FEa9vFVtzIwU=
-55,-51,XMRIMoOaZie+gY7Z3EoVBU8U5js=,m7de1KoG4i7FJ7/FEa9vFVtzIwU=
-56,-51,XMRIMoOaZie+gY7Z3EoVBU8U5js=,m7de1KoG4i7FJ7/FEa9vFVtzIwU=
-51,-52,XMRIMoOaZie+gY7Z3EoVBU8U5js=,m7de1KoG4i7FJ7/FEa9vFVtzIwU=
-49,-52,XMRIMoOaZie+gY7Z3EoVBU8U5js=,m7de1KoG4i7FJ7/FEa9vFVtzIwU=
-52,-52,XMRIMoOaZie+gY7Z3EoVBU8U5js=,m7de1KoG4i7FJ7/FEa9vFVtzIwU=
-55,-53,XMRIMoOaZie+gY7Z3EoVBU8U5js=,m7de1KoG4i7FJ7/FEa9vFVtzIwU=
-50,-52,XMRIMoOaZie+gY7Z3EoVBU8U5js=,m7de1KoG4i7FJ7/FEa9vFVtzIwU=
-53,-51,XMRIMoOaZie+gY7Z3EoVBU8U5js=,m7de1KoG4i7FJ7/FEa9vFVtzIwU=
-52,-51,XMRIMoOaZie+gY7Z3EoVBU8U5js=,m7de1KoG4i7FJ7/FEa9vFVtzIwU=
-54,-51,XMRIMoOaZie+gY7Z3EoVBU8U5js=,m7de1KoG4i7FJ7/FEa9vFVtzIwU=
-56,-55,XMRIMoOaZie+gY7Z3EoVBU8U5js=,m7de1KoG4i7FJ7/FEa9vFVtzIwU=
-59,-61,XMRIMoOaZie+gY7Z3EoVBU8U5js=,LjLnTzMRAJGFhoOduCyELBiZtRI=
-60,-61,XMRIMoOaZie+gY7Z3EoVBU8U5js=,LjLnTzMRAJGFhoOduCyELBiZtRI=
-56,-58,XMRIMoOaZie+gY7Z3EoVBU8U5js=,xFHy2gzyGN+mRM1+Pe0lA4VfXuE=
-54,-53,XMRIMoOaZie+gY7Z3EoVBU8U5js=,m7de1KoG4i7FJ7/FEa9vFVtzIwU=
-58,-61,XMRIMoOaZie+gY7Z3EoVBU8U5js=,LjLnTzMRAJGFhoOduCyELBiZtRI=
-56,-56,XMRIMoOaZie+gY7Z3EoVBU8U5js=,m7de1KoG4i7FJ7/FEa9vFVtzIwU=
-57,-61,XMRIMoOaZie+gY7Z3EoVBU8U5js=,LjLnTzMRAJGFhoOduCyELBiZtRI=
-56,-64,XMRIMoOaZie+gY7Z3EoVBU8U5js=,xFHy2gzyGN+mRM1+Pe0lA4VfXuE=
-56,-59,XMRIMoOaZie+gY7Z3EoVBU8U5js=,xFHy2gzyGN+mRM1+Pe0lA4VfXuE=
-61,-61,XMRIMoOaZie+gY7Z3EoVBU8U5js=,LjLnTzMRAJGFhoOduCyELBiZtRI=
-62,-61,XMRIMoOaZie+gY7Z3EoVBU8U5js=,LjLnTzMRAJGFhoOduCyELBiZtRI=
-56,-57,XMRIMoOaZie+gY7Z3EoVBU8U5js=,xFHy2gzyGN+mRM1+Pe0lA4VfXuE=
-63,-61,XMRIMoOaZie+gY7Z3EoVBU8U5js=,LjLnTzMRAJGFhoOduCyELBiZtRI=
-64,-60,XMRIMoOaZie+gY7Z3EoVBU8U5js=,LjLnTzMRAJGFhoOduCyELBiZtRI=
-56,-63,XMRIMoOaZie+gY7Z3EoVBU8U5js=,xFHy2gzyGN+mRM1+Pe0lA4VfXuE=
-63,-60,XMRIMoOaZie+gY7Z3EoVBU8U5js=,LjLnTzMRAJGFhoOduCyELBiZtRI=
-64,-61,XMRIMoOaZie+gY7Z3EoVBU8U5js=,LjLnTzMRAJGFhoOduCyELBiZtRI=
-62,-60,XMRIMoOaZie+gY7Z3EoVBU8U5js=,LjLnTzMRAJGFhoOduCyELBiZtRI=
-61,-57,XMRIMoOaZie+gY7Z3EoVBU8U5js=,LjLnTzMRAJGFhoOduCyELBiZtRI=
-57,-62,XMRIMoOaZie+gY7Z3EoVBU8U5js=,LjLnTzMRAJGFhoOduCyELBiZtRI=
-58,-62,XMRIMoOaZie+gY7Z3EoVBU8U5js=,LjLnTzMRAJGFhoOduCyELBiZtRI=
-56,-60,XMRIMoOaZie+gY7Z3EoVBU8U5js=,xFHy2gzyGN+mRM1+Pe0lA4VfXuE=
-59,-62,XMRIMoOaZie+gY7Z3EoVBU8U5js=,LjLnTzMRAJGFhoOduCyELBiZtRI=
-62,-57,XMRIMoOaZie+gY7Z3EoVBU8U5js=,LjLnTzMRAJGFhoOduCyELBiZtRI=
-63,-57,XMRIMoOaZie+gY7Z3EoVBU8U5js=,LjLnTzMRAJGFhoOduCyELBiZtRI=
-60,-62,XMRIMoOaZie+gY7Z3EoVBU8U5js=,LjLnTzMRAJGFhoOduCyELBiZtRI=
-64,-57,XMRIMoOaZie+gY7Z3EoVBU8U5js=,LjLnTzMRAJGFhoOduCyELBiZtRI=
-61,-62,XMRIMoOaZie+gY7Z3EoVBU8U5js=,LjLnTzMRAJGFhoOduCyELBiZtRI=
-56,-61,XMRIMoOaZie+gY7Z3EoVBU8U5js=,xFHy2gzyGN+mRM1+Pe0lA4VfXuE=
-63,-62,XMRIMoOaZie+gY7Z3EoVBU8U5js=,LjLnTzMRAJGFhoOduCyELBiZtRI=
-57,-58,XMRIMoOaZie+gY7Z3EoVBU8U5js=,LjLnTzMRAJGFhoOduCyELBiZtRI=
-62,-62,XMRIMoOaZie+gY7Z3EoVBU8U5js=,LjLnTzMRAJGFhoOduCyELBiZtRI=
-61,-60,XMRIMoOaZie+gY7Z3EoVBU8U5js=,LjLnTzMRAJGFhoOduCyELBiZtRI=
-57,-57,XMRIMoOaZie+gY7Z3EoVBU8U5js=,LjLnTzMRAJGFhoOduCyELBiZtRI=
-63,-64,XMRIMoOaZie+gY7Z3EoVBU8U5js=,LjLnTzMRAJGFhoOduCyELBiZtRI=
-64,-64,XMRIMoOaZie+gY7Z3EoVBU8U5js=,LjLnTzMRAJGFhoOduCyELBiZtRI=
-62,-64,XMRIMoOaZie+gY7Z3EoVBU8U5js=,LjLnTzMRAJGFhoOduCyELBiZtRI=
-61,-64,XMRIMoOaZie+gY7Z3EoVBU8U5js=,LjLnTzMRAJGFhoOduCyELBiZtRI=
-60,-60,XMRIMoOaZie+gY7Z3EoVBU8U5js=,LjLnTzMRAJGFhoOduCyELBiZtRI=
-60,-64,XMRIMoOaZie+gY7Z3EoVBU8U5js=,LjLnTzMRAJGFhoOduCyELBiZtRI=
-59,-64,XMRIMoOaZie+gY7Z3EoVBU8U5js=,LjLnTzMRAJGFhoOduCyELBiZtRI=
-58,-64,XMRIMoOaZie+gY7Z3EoVBU8U5js=,LjLnTzMRAJGFhoOduCyELBiZtRI=
-57,-64,XMRIMoOaZie+gY7Z3EoVBU8U5js=,LjLnTzMRAJGFhoOduCyELBiZtRI=
-64,-63,XMRIMoOaZie+gY7Z3EoVBU8U5js=,LjLnTzMRAJGFhoOduCyELBiZtRI=
-59,-60,XMRIMoOaZie+gY7Z3EoVBU8U5js=,LjLnTzMRAJGFhoOduCyELBiZtRI=
-58,-60,XMRIMoOaZie+gY7Z3EoVBU8U5js=,LjLnTzMRAJGFhoOduCyELBiZtRI=
-57,-60,XMRIMoOaZie+gY7Z3EoVBU8U5js=,LjLnTzMRAJGFhoOduCyELBiZtRI=
-63,-63,XMRIMoOaZie+gY7Z3EoVBU8U5js=,LjLnTzMRAJGFhoOduCyELBiZtRI=
-64,-62,XMRIMoOaZie+gY7Z3EoVBU8U5js=,LjLnTzMRAJGFhoOduCyELBiZtRI=
-64,-59,XMRIMoOaZie+gY7Z3EoVBU8U5js=,LjLnTzMRAJGFhoOduCyELBiZtRI=
-62,-63,XMRIMoOaZie+gY7Z3EoVBU8U5js=,LjLnTzMRAJGFhoOduCyELBiZtRI=
-58,-57,XMRIMoOaZie+gY7Z3EoVBU8U5js=,LjLnTzMRAJGFhoOduCyELBiZtRI=
-60,-58,XMRIMoOaZie+gY7Z3EoVBU8U5js=,LjLnTzMRAJGFhoOduCyELBiZtRI=
-63,-58,XMRIMoOaZie+gY7Z3EoVBU8U5js=,LjLnTzMRAJGFhoOduCyELBiZtRI=
-64,-58,XMRIMoOaZie+gY7Z3EoVBU8U5js=,LjLnTzMRAJGFhoOduCyELBiZtRI=
-57,-59,XMRIMoOaZie+gY7Z3EoVBU8U5js=,LjLnTzMRAJGFhoOduCyELBiZtRI=
-57,-56,XMRIMoOaZie+gY7Z3EoVBU8U5js=,nsYRb34HrCD15ZNeTbf9026bo4o=
-63,-59,XMRIMoOaZie+gY7Z3EoVBU8U5js=,LjLnTzMRAJGFhoOduCyELBiZtRI=
-61,-63,XMRIMoOaZie+gY7Z3EoVBU8U5js=,LjLnTzMRAJGFhoOduCyELBiZtRI=
-60,-63,XMRIMoOaZie+gY7Z3EoVBU8U5js=,LjLnTzMRAJGFhoOduCyELBiZtRI=
-61,-56,XMRIMoOaZie+gY7Z3EoVBU8U5js=,nsYRb34HrCD15ZNeTbf9026bo4o=
-58,-59,XMRIMoOaZie+gY7Z3EoVBU8U5js=,LjLnTzMRAJGFhoOduCyELBiZtRI=
-62,-56,XMRIMoOaZie+gY7Z3EoVBU8U5js=,nsYRb34HrCD15ZNeTbf9026bo4o=
-63,-56,XMRIMoOaZie+gY7Z3EoVBU8U5js=,nsYRb34HrCD15ZNeTbf9026bo4o=
-57,-63,XMRIMoOaZie+gY7Z3EoVBU8U5js=,LjLnTzMRAJGFhoOduCyELBiZtRI=
-59,-57,XMRIMoOaZie+gY7Z3EoVBU8U5js=,LjLnTzMRAJGFhoOduCyELBiZtRI=
-56,-62,XMRIMoOaZie+gY7Z3EoVBU8U5js=,xFHy2gzyGN+mRM1+Pe0lA4VfXuE=
-64,-56,XMRIMoOaZie+gY7Z3EoVBU8U5js=,nsYRb34HrCD15ZNeTbf9026bo4o=
-59,-59,XMRIMoOaZie+gY7Z3EoVBU8U5js=,LjLnTzMRAJGFhoOduCyELBiZtRI=
-58,-63,XMRIMoOaZie+gY7Z3EoVBU8U5js=,LjLnTzMRAJGFhoOduCyELBiZtRI=
-61,-58,XMRIMoOaZie+gY7Z3EoVBU8U5js=,LjLnTzMRAJGFhoOduCyELBiZtRI=
-59,-63,XMRIMoOaZie+gY7Z3EoVBU8U5js=,LjLnTzMRAJGFhoOduCyELBiZtRI=
-62,-58,XMRIMoOaZie+gY7Z3EoVBU8U5js=,LjLnTzMRAJGFhoOduCyELBiZtRI=
-60,-59,XMRIMoOaZie+gY7Z3EoVBU8U5js=,LjLnTzMRAJGFhoOduCyELBiZtRI=
-58,-56,XMRIMoOaZie+gY7Z3EoVBU8U5js=,nsYRb34HrCD15ZNeTbf9026bo4o=
-62,-59,XMRIMoOaZie+gY7Z3EoVBU8U5js=,LjLnTzMRAJGFhoOduCyELBiZtRI=
-58,-58,XMRIMoOaZie+gY7Z3EoVBU8U5js=,LjLnTzMRAJGFhoOduCyELBiZtRI=
-60,-57,XMRIMoOaZie+gY7Z3EoVBU8U5js=,LjLnTzMRAJGFhoOduCyELBiZtRI=
-60,-56,XMRIMoOaZie+gY7Z3EoVBU8U5js=,nsYRb34HrCD15ZNeTbf9026bo4o=
-61,-59,XMRIMoOaZie+gY7Z3EoVBU8U5js=,LjLnTzMRAJGFhoOduCyELBiZtRI=
-59,-56,XMRIMoOaZie+gY7Z3EoVBU8U5js=,nsYRb34HrCD15ZNeTbf9026bo4o=
-59,-58,XMRIMoOaZie+gY7Z3EoVBU8U5js=,LjLnTzMRAJGFhoOduCyELBiZtRI=
-51,-42,XMRIMoOaZie+gY7Z3EoVBU8U5js=,u7w31ruDX/SfUJ1VpnDuWB3WHMk=
-52,-41,XMRIMoOaZie+gY7Z3EoVBU8U5js=,u7w31ruDX/SfUJ1VpnDuWB3WHMk=
-54,-45,XMRIMoOaZie+gY7Z3EoVBU8U5js=,u7w31ruDX/SfUJ1VpnDuWB3WHMk=
-50,-41,XMRIMoOaZie+gY7Z3EoVBU8U5js=,u7w31ruDX/SfUJ1VpnDuWB3WHMk=
-52,-47,XMRIMoOaZie+gY7Z3EoVBU8U5js=,u7w31ruDX/SfUJ1VpnDuWB3WHMk=
-49,-41,XMRIMoOaZie+gY7Z3EoVBU8U5js=,u7w31ruDX/SfUJ1VpnDuWB3WHMk=
-51,-41,XMRIMoOaZie+gY7Z3EoVBU8U5js=,u7w31ruDX/SfUJ1VpnDuWB3WHMk=
-53,-41,XMRIMoOaZie+gY7Z3EoVBU8U5js=,u7w31ruDX/SfUJ1VpnDuWB3WHMk=
-54,-41,XMRIMoOaZie+gY7Z3EoVBU8U5js=,u7w31ruDX/SfUJ1VpnDuWB3WHMk=
-52,-42,XMRIMoOaZie+gY7Z3EoVBU8U5js=,u7w31ruDX/SfUJ1VpnDuWB3WHMk=
-53,-46,XMRIMoOaZie+gY7Z3EoVBU8U5js=,u7w31ruDX/SfUJ1VpnDuWB3WHMk=
-53,-48,XMRIMoOaZie+gY7Z3EoVBU8U5js=,u7w31ruDX/SfUJ1VpnDuWB3WHMk=
-55,-41,XMRIMoOaZie+gY7Z3EoVBU8U5js=,u7w31ruDX/SfUJ1VpnDuWB3WHMk=
-53,-42,XMRIMoOaZie+gY7Z3EoVBU8U5js=,u7w31ruDX/SfUJ1VpnDuWB3WHMk=
-56,-41,XMRIMoOaZie+gY7Z3EoVBU8U5js=,u7w31ruDX/SfUJ1VpnDuWB3WHMk=
-55,-44,XMRIMoOaZie+gY7Z3EoVBU8U5js=,u7w31ruDX/SfUJ1VpnDuWB3WHMk=
-49,-42,XMRIMoOaZie+gY7Z3EoVBU8U5js=,u7w31ruDX/SfUJ1VpnDuWB3WHMk=
-50,-42,XMRIMoOaZie+gY7Z3EoVBU8U5js=,u7w31ruDX/SfUJ1VpnDuWB3WHMk=
-54,-46,XMRIMoOaZie+gY7Z3EoVBU8U5js=,u7w31ruDX/SfUJ1VpnDuWB3WHMk=
-55,-48,XMRIMoOaZie+gY7Z3EoVBU8U5js=,u7w31ruDX/SfUJ1VpnDuWB3WHMk=
-56,-44,XMRIMoOaZie+gY7Z3EoVBU8U5js=,u7w31ruDX/SfUJ1VpnDuWB3WHMk=
-54,-42,XMRIMoOaZie+gY7Z3EoVBU8U5js=,u7w31ruDX/SfUJ1VpnDuWB3WHMk=
-50,-44,XMRIMoOaZie+gY7Z3EoVBU8U5js=,u7w31ruDX/SfUJ1VpnDuWB3WHMk=
-55,-46,XMRIMoOaZie+gY7Z3EoVBU8U5js=,u7w31ruDX/SfUJ1VpnDuWB3WHMk=
-55,-42,XMRIMoOaZie+gY7Z3EoVBU8U5js=,u7w31ruDX/SfUJ1VpnDuWB3WHMk=
-56,-42,XMRIMoOaZie+gY7Z3EoVBU8U5js=,u7w31ruDX/SfUJ1VpnDuWB3WHMk=
-49,-43,XMRIMoOaZie+gY7Z3EoVBU8U5js=,u7w31ruDX/SfUJ1VpnDuWB3WHMk=
-51,-44,XMRIMoOaZie+gY7Z3EoVBU8U5js=,u7w31ruDX/SfUJ1VpnDuWB3WHMk=
-51,-43,XMRIMoOaZie+gY7Z3EoVBU8U5js=,u7w31ruDX/SfUJ1VpnDuWB3WHMk=
-50,-43,XMRIMoOaZie+gY7Z3EoVBU8U5js=,u7w31ruDX/SfUJ1VpnDuWB3WHMk=
-52,-43,XMRIMoOaZie+gY7Z3EoVBU8U5js=,u7w31ruDX/SfUJ1VpnDuWB3WHMk=
-51,-45,XMRIMoOaZie+gY7Z3EoVBU8U5js=,u7w31ruDX/SfUJ1VpnDuWB3WHMk=
-53,-43,XMRIMoOaZie+gY7Z3EoVBU8U5js=,u7w31ruDX/SfUJ1VpnDuWB3WHMk=
-52,-45,XMRIMoOaZie+gY7Z3EoVBU8U5js=,u7w31ruDX/SfUJ1VpnDuWB3WHMk=
-56,-46,XMRIMoOaZie+gY7Z3EoVBU8U5js=,u7w31ruDX/SfUJ1VpnDuWB3WHMk=
-54,-43,XMRIMoOaZie+gY7Z3EoVBU8U5js=,u7w31ruDX/SfUJ1VpnDuWB3WHMk=
-52,-44,XMRIMoOaZie+gY7Z3EoVBU8U5js=,u7w31ruDX/SfUJ1VpnDuWB3WHMk=
-53,-44,XMRIMoOaZie+gY7Z3EoVBU8U5js=,u7w31ruDX/SfUJ1VpnDuWB3WHMk=
-53,-47,XMRIMoOaZie+gY7Z3EoVBU8U5js=,u7w31ruDX/SfUJ1VpnDuWB3WHMk=
-55,-45,XMRIMoOaZie+gY7Z3EoVBU8U5js=,u7w31ruDX/SfUJ1VpnDuWB3WHMk=
-49,-44,XMRIMoOaZie+gY7Z3EoVBU8U5js=,u7w31ruDX/SfUJ1VpnDuWB3WHMk=
-56,-45,XMRIMoOaZie+gY7Z3EoVBU8U5js=,u7w31ruDX/SfUJ1VpnDuWB3WHMk=
-49,-47,XMRIMoOaZie+gY7Z3EoVBU8U5js=,u7w31ruDX/SfUJ1VpnDuWB3WHMk=
-52,-46,XMRIMoOaZie+gY7Z3EoVBU8U5js=,u7w31ruDX/SfUJ1VpnDuWB3WHMk=
-54,-48,XMRIMoOaZie+gY7Z3EoVBU8U5js=,u7w31ruDX/SfUJ1VpnDuWB3WHMk=
-54,-44,XMRIMoOaZie+gY7Z3EoVBU8U5js=,u7w31ruDX/SfUJ1VpnDuWB3WHMk=
-52,-48,XMRIMoOaZie+gY7Z3EoVBU8U5js=,u7w31ruDX/SfUJ1VpnDuWB3WHMk=
-50,-45,XMRIMoOaZie+gY7Z3EoVBU8U5js=,u7w31ruDX/SfUJ1VpnDuWB3WHMk=
-53,-45,XMRIMoOaZie+gY7Z3EoVBU8U5js=,u7w31ruDX/SfUJ1VpnDuWB3WHMk=
-54,-47,XMRIMoOaZie+gY7Z3EoVBU8U5js=,u7w31ruDX/SfUJ1VpnDuWB3WHMk=
-55,-43,XMRIMoOaZie+gY7Z3EoVBU8U5js=,u7w31ruDX/SfUJ1VpnDuWB3WHMk=
-56,-48,XMRIMoOaZie+gY7Z3EoVBU8U5js=,u7w31ruDX/SfUJ1VpnDuWB3WHMk=
-56,-43,XMRIMoOaZie+gY7Z3EoVBU8U5js=,u7w31ruDX/SfUJ1VpnDuWB3WHMk=
-49,-46,XMRIMoOaZie+gY7Z3EoVBU8U5js=,u7w31ruDX/SfUJ1VpnDuWB3WHMk=
-56,-47,XMRIMoOaZie+gY7Z3EoVBU8U5js=,u7w31ruDX/SfUJ1VpnDuWB3WHMk=
-55,-47,XMRIMoOaZie+gY7Z3EoVBU8U5js=,u7w31ruDX/SfUJ1VpnDuWB3WHMk=
-49,-45,XMRIMoOaZie+gY7Z3EoVBU8U5js=,u7w31ruDX/SfUJ1VpnDuWB3WHMk=
-50,-46,XMRIMoOaZie+gY7Z3EoVBU8U5js=,u7w31ruDX/SfUJ1VpnDuWB3WHMk=
-49,-48,XMRIMoOaZie+gY7Z3EoVBU8U5js=,u7w31ruDX/SfUJ1VpnDuWB3WHMk=
-50,-48,XMRIMoOaZie+gY7Z3EoVBU8U5js=,u7w31ruDX/SfUJ1VpnDuWB3WHMk=
-51,-48,XMRIMoOaZie+gY7Z3EoVBU8U5js=,u7w31ruDX/SfUJ1VpnDuWB3WHMk=
-50,-47,XMRIMoOaZie+gY7Z3EoVBU8U5js=,u7w31ruDX/SfUJ1VpnDuWB3WHMk=
-51,-46,XMRIMoOaZie+gY7Z3EoVBU8U5js=,u7w31ruDX/SfUJ1VpnDuWB3WHMk=
-51,-47,XMRIMoOaZie+gY7Z3EoVBU8U5js=,u7w31ruDX/SfUJ1VpnDuWB3WHMk=
